{
  "embed_ms": 13.152699997590389,
  "search_ms": 2582.59640000324,
  "total_ms": 2595.7491000008304,
  "hits": [
    {
      "id": null,
      "score": null,
      "payload": null
    }
  ]
}